,,,,,,
,,,,,,
,ANO,MÊS,Mêsn,ESTADO,COMPARECIMENTO,BOLSAS DE SANGUE
,2016,Dezembro,12,AC,1159,844
,2016,Junho,6,AC,1278,976
,2016,Outubro,10,AC,1314,998
,2016,Setembro,9,AC,1316,1010
,2016,Fevereiro,2,AC,1343,951
,2016,marco,3,AC,1365,990
,2016,Julho,7,AC,1367,1057
,2016,Abril,4,AC,1450,1065
,2016,Novembro,11,AC,1470,1062
,2016,Agosto,8,AC,1542,1152
,2016,Janeiro,1,AC,1571,1146
,2016,Maio,5,AC,1804,1308
,2017,Abril,4,AC,1067,807
,2017,Junho,6,AC,1089,815
,2017,Fevereiro,2,AC,1127,891
,2017,Janeiro,1,AC,1202,947
,2017,marco,3,AC,1316,969
,2017,Agosto,8,AC,1323,1023
,2017,Julho,7,AC,1564,108
,2017,Maio,5,AC,1597,1190
,2017,TOTAL,0,AC,10285,6750
,2016,TOTAL,0,AC,16979,12559
,2016,Dezembro,12,AL,2060,1344
,2016,marco,3,AL,2125,1291
,2016,Fevereiro,2,AL,2129,1441
,2016,Janeiro,1,AL,2156,1398
,2016,Agosto,8,AL,2196,1367
,2016,Julho,7,AL,2262,1463
,2016,Novembro,11,AL,2336,1624
,2016,Outubro,10,AL,2413,1224
,2016,Abril,4,AL,2545,1707
,2016,Setembro,9,AL,2552,1555
,2016,Maio,5,AL,2561,1624
,2016,Junho,6,AL,3086,1843
,2016,TOTAL,0,AL,28421,17881
,2017,Abril,4,AL,1482,931
,2017,Janeiro,1,AL,1983,1280
,2017,Maio,5,AL,2071,1281
,2017,Julho,7,AL,2101,1420
,2017,marco,3,AL,2116,1331
,2017,Fevereiro,2,AL,2192,1486
,2017,Agosto,8,AL,2252,1476
,2017,Junho,6,AL,2377,1520
,2017,TOTAL,0,AL,16574,10725
,2016,Dezembro,12,AM,5394,4101
,2016,Agosto,8,AM,5950,4313
,2016,Setembro,9,AM,6171,4504
,2016,Novembro,11,AM,6174,4598
,2016,Outubro,10,AM,6378,4759
,2016,Julho,7,AM,6557,4798
,2016,Abril,4,AM,6598,4766
,2016,Junho,6,AM,6828,5096
,2016,Fevereiro,2,AM,6952,5071
,2016,marco,3,AM,7324,5285
,2016,Maio,5,AM,7334,5135
,2016,Janeiro,1,AM,7400,5414
,2016,TOTAL,0,AM,79060,57840
,2017,Julho,7,AM,6084,4485
,2017,Janeiro,1,AM,6274,4556
,2017,Abril,4,AM,6405,4725
,2017,Fevereiro,2,AM,6661,5101
,2017,Agosto,8,AM,7053,5263
,2017,Maio,5,AM,7131,5054
,2017,marco,3,AM,7341,5329
,2017,Junho,6,AM,7796,5670
,2017,TOTAL,0,AM,54745,40183
,2016,Fevereiro,2,AP,1193,852
,2016,Outubro,10,AP,1288,855
,2016,Janeiro,1,AP,1441,1059
,2016,Dezembro,12,AP,1484,1058
,2016,marco,3,AP,1522,1107
,2016,Setembro,9,AP,1546,1091
,2016,Julho,7,AP,1630,1176
,2016,Abril,4,AP,1686,1221
,2016,Agosto,8,AP,1707,1247
,2016,Novembro,11,AP,1794,1214
,2016,Maio,5,AP,1868,1320
,2016,Junho,6,AP,2153,1467
,2016,TOTAL,0,AP,19312,13667
,2017,Fevereiro,2,AP,1154,825
,2017,Abril,4,AP,1520,1074
,2017,marco,3,AP,1647,1156
,2017,Julho,7,AP,1653,1102
,2017,Maio,5,AP,1701,1200
,2017,Agosto,8,AP,1742,1175
,2017,Janeiro,1,AP,2027,1428
,2017,Junho,6,AP,2116,1411
,2017,TOTAL,0,AP,13560,9371
,2016,Janeiro,1,BA,10255,7132
,2016,Novembro,11,BA,10526,7703
,2016,Maio,5,BA,12379,8600
,2016,Outubro,10,BA,12482,8766
,2016,Julho,7,BA,12909,9320
,2016,Fevereiro,2,BA,13090,9443
,2016,Abril,4,BA,13437,9445
,2016,Setembro,9,BA,13828,9631
,2016,Junho,6,BA,14034,10171
,2016,marco,3,BA,14270,9905
,2016,Dezembro,12,BA,14714,10698
,2016,Agosto,8,BA,15103,10486
,2016,TOTAL,0,BA,157027,111300
,2017,marco,3,BA,11084,8203
,2017,Maio,5,BA,12032,8825
,2017,Janeiro,1,BA,12453,8975
,2017,Julho,7,BA,13606,9915
,2017,Fevereiro,2,BA,13683,9997
,2017,Abril,4,BA,13984,9983
,2017,Junho,6,BA,14018,10247
,2017,Agosto,8,BA,14207,10206
,2017,TOTAL,0,BA,105067,76351
,2016,Outubro,10,ES,4124,2903
,2016,Setembro,9,ES,4491,3299
,2016,Fevereiro,2,ES,4545,3298
,2016,Maio,5,ES,4566,3389
,2016,Novembro,11,ES,4622,3341
,2016,Abril,4,ES,4881,3584
,2016,Janeiro,1,ES,4906,3484
,2016,Dezembro,12,ES,4925,3637
,2016,Agosto,8,ES,4944,3569
,2016,Julho,7,ES,4973,3623
,2016,marco,3,ES,5331,3906
,2016,Junho,6,ES,5989,4268
,2016,TOTAL,0,ES,58297,42301
,2017,Abril,4,ES,4315,3291
,2017,Julho,7,ES,4395,3282
,2017,Fevereiro,2,ES,4549,3108
,2017,Agosto,8,ES,4923,3692
,2017,Janeiro,1,ES,5202,3757
,2017,marco,3,ES,5625,4141
,2017,Maio,5,ES,5982,4385
,2017,Junho,6,ES,6876,5036
,2017,TOTAL,0,ES,41867,30692
,2016,Outubro,10,GO,1679,1221
,2016,Fevereiro,2,GO,2101,1493
,2016,Agosto,8,GO,2394,1678
,2016,Julho,7,GO,2431,1732
,2016,Setembro,9,GO,2487,1750
,2016,Abril,4,GO,2674,1836
,2016,Maio,5,GO,2766,1912
,2016,marco,3,GO,2779,1944
,2016,Janeiro,1,GO,2896,2033
,2016,Dezembro,12,GO,2965,2161
,2016,Junho,6,GO,3098,2100
,2016,Novembro,11,GO,3436,2472
,2016,TOTAL,0,GO,31706,22332
,2017,Julho,7,GO,1893,1337
,2017,Fevereiro,2,GO,2135,1474
,2017,Janeiro,1,GO,2161,1536
,2017,Abril,4,GO,2350,1670
,2017,marco,3,GO,2540,1755
,2017,Agosto,8,GO,2704,1865
,2017,Junho,6,GO,3355,2361
,2017,Maio,5,GO,4054,2834
,2017,TOTAL,0,GO,21192,14832
,2016,Setembro,9,MS,4910,4481
,2016,Outubro,10,MS,4910,4255
,2016,Fevereiro,2,MS,5230,4528
,2016,marco,3,MS,5552,4855
,2016,Julho,7,MS,5666,5406
,2016,Dezembro,12,MS,5726,4997
,2016,Novembro,11,MS,5829,5051
,2016,Maio,5,MS,5836,5014
,2016,Janeiro,1,MS,6011,5195
,2016,Abril,4,MS,6075,5288
,2016,Agosto,8,MS,6241,5406
,2016,Junho,6,MS,6275,5536
,2016,TOTAL,0,MS,68261,60012
,2017,Abril,4,MS,4721,4111
,2017,Julho,7,MS,5701,4782
,2017,Janeiro,1,MS,5917,5080
,2017,Fevereiro,2,MS,5933,5081
,2017,Agosto,8,MS,6068,4998
,2017,marco,3,MS,6111,5426
,2017,Maio,5,MS,6136,5221
,2017,Junho,6,MS,7125,5869
,2017,TOTAL,0,MS,47712,40568
,2016,Julho,7,PA,7568,6031
,2016,Dezembro,12,PA,9069,7139
,2016,Fevereiro,2,PA,9421,7700
,2016,Agosto,8,PA,9503,7502
,2016,Maio,5,PA,9746,7721
,2016,Janeiro,1,PA,10276,8307
,2016,marco,3,PA,10531,8345
,2016,Setembro,9,PA,10754,8480
,2016,Outubro,10,PA,11175,8773
,2016,Abril,4,PA,11432,8963
,2016,Novembro,11,PA,12466,9851
,2016,Junho,6,PA,14423,11453
,2016,TOTAL,0,PA,126364,100265
,2017,Julho,7,PA,8928,7136
,2017,Abril,4,PA,10282,7964
,2017,Fevereiro,2,PA,10504,8210
,2017,Agosto,8,PA,10710,8406
,2017,Janeiro,1,PA,11054,8474
,2017,marco,3,PA,11154,8281
,2017,Junho,6,PA,11950,9266
,2017,Maio,5,PA,12327,9575
,2017,TOTAL,0,PA,86909,67312
,2016,Janeiro,1,RJ,15712,11847
,2016,Outubro,10,RJ,16047,11966
,2016,Fevereiro,2,RJ,16726,12581
,2016,Dezembro,12,RJ,17083,13033
,2016,Maio,5,RJ,17322,12957
,2016,Novembro,11,RJ,17646,13401
,2016,Abril,4,RJ,18143,13530
,2016,Agosto,8,RJ,18180,13622
,2016,marco,3,RJ,18520,14071
,2016,Setembro,9,RJ,20054,14893
,2016,Julho,7,RJ,20114,14990
,2016,Junho,6,RJ,20306,15261
,2016,TOTAL,0,RJ,215853,162152
,2017,Janeiro,1,RJ,17724,13431
,2017,Maio,5,RJ,19121,14218
,2017,Agosto,8,RJ,19619,14836
,2017,Fevereiro,2,RJ,19672,14760
,2017,marco,3,RJ,20192,15090
,2017,Julho,7,RJ,20401,15234
,2017,Junho,6,RJ,21586,16248
,2017,Abril,4,RJ,22412,16863
,2017,TOTAL,0,RJ,160727,120680
,2016,Setembro,9,RN,5371,3883
,2016,Dezembro,12,RN,5732,4231
,2016,Fevereiro,2,RN,5779,4039
,2016,Agosto,8,RN,5821,4220
,2016,Novembro,11,RN,6269,4410
,2016,Janeiro,1,RN,6373,4703
,2016,Maio,5,RN,6551,4374
,2016,Outubro,10,RN,6670,4704
,2016,marco,3,RN,6710,4617
,2016,Julho,7,RN,6938,5027
,2016,Abril,4,RN,7697,5356
,2016,Junho,6,RN,8239,5779
,2016,TOTAL,0,RN,78150,55343
,2017,Fevereiro,2,RN,5440,4060
,2017,Janeiro,1,RN,5656,4335
,2017,Abril,4,RN,6130,4479
,2017,marco,3,RN,6406,4802
,2017,Maio,5,RN,6530,4767
,2017,Julho,7,RN,6577,4965
,2017,Junho,6,RN,6623,4867
,2017,Agosto,8,RN,6839,4893
,2017,TOTAL,0,RN,50201,37168
,2016,Dezembro,12,RO,2856,2219
,2016,Novembro,11,RO,3128,2379
,2016,Janeiro,1,RO,3172,2470
,2016,Fevereiro,2,RO,3192,2484
,2016,Setembro,9,RO,3291,2530
,2016,Maio,5,RO,3427,2622
,2016,marco,3,RO,3649,2737
,2016,Agosto,8,RO,3720,2778
,2016,Abril,4,RO,3932,2943
,2016,Outubro,10,RO,4033,2973
,2016,Junho,6,RO,4136,3552
,2016,Julho,7,RO,4191,2461
,2016,TOTAL,0,RO,42727,32148
,2017,Abril,4,RO,3001,2179
,2017,Fevereiro,2,RO,3086,2258
,2017,Agosto,8,RO,3524,2719
,2017,Janeiro,1,RO,3534,2633
,2017,Julho,7,RO,3903,2955
,2017,Maio,5,RO,4006,2830
,2017,marco,3,RO,4329,3085
,2017,Junho,6,RO,4431,3202
,2017,TOTAL,0,RO,29814,21861
,2016,Dezembro,12,RR,1155,854
,2016,Maio,5,RR,1218,859
,2016,Fevereiro,2,RR,1253,919
,2016,Outubro,10,RR,1275,935
,2016,Novembro,11,RR,1408,1040
,2016,Setembro,9,RR,1409,994
,2016,Abril,4,RR,1415,1045
,2016,Agosto,8,RR,1499,1066
,2016,Julho,7,RR,1519,1029
,2016,marco,3,RR,1611,1147
,2016,Janeiro,1,RR,1648,1175
,2016,Junho,6,RR,1686,1214
,2016,TOTAL,0,RR,17096,12277
,2017,Fevereiro,2,RR,1195,897
,2017,Abril,4,RR,1247,907
,2017,Janeiro,1,RR,1294,973
,2017,marco,3,RR,1383,960
,2017,Maio,5,RR,1388,1003
,2017,Julho,7,RR,1397,988
,2017,Junho,6,RR,1688,1218
,2017,Agosto,8,RR,1755,1232
,2017,TOTAL,0,RR,11347,8178
,2016,TOTAL,0,RS,142604,112170
,2016,Janeiro,1,RS,10717,8455
,2016,Fevereiro,2,RS,10707,8421
,2016,marco,3,RS,12674,10032
,2016,Abril,4,RS,11878,9463
,2016,Maio,5,RS,11873,9350
,2016,Junho,6,RS,13188,10210
,2016,Julho,7,RS,12665,9996
,2016,Agosto,8,RS,11888,9385
,2016,Setembro,9,RS,11613,9099
,2016,Outubro,10,RS,12228,9590
,2016,Novembro,11,RS,11612,9164
,2016,Dezembro,12,RS,11561,9005
,2017,TOTAL,0,RS,96916,75857
,2017,Janeiro,1,RS,11442,9042
,2017,Fevereiro,2,RS,10341,8007
,2017,marco,3,RS,14303,11168
,2017,Abril,4,RS,10553,8203
,2017,Maio,5,RS,12222,9658
,2017,Junho,6,RS,12968,10236
,2017,Julho,7,RS,12517,9665
,2017,Agosto,8,RS,12570,9878
,2016,Novembro,11,SC,10154,8289
,2016,Janeiro,1,SC,10789,8771
,2016,Maio,5,SC,11092,9006
,2016,Agosto,8,SC,11895,9611
,2016,Setembro,9,SC,11983,9604
,2016,marco,3,SC,12183,9880
,2016,Outubro,10,SC,12493,10174
,2016,Fevereiro,2,SC,12683,10227
,2016,Dezembro,12,SC,12889,10677
,2016,Abril,4,SC,13160,10585
,2016,Junho,6,SC,13213,10667
,2016,Julho,7,SC,13893,11320
,2016,TOTAL,0,SC,146427,118811
,2017,Maio,5,SC,10777,8999
,2017,Janeiro,1,SC,10854,8881
,2017,marco,3,SC,11271,9440
,2017,Agosto,8,SC,11810,9795
,2017,Junho,6,SC,12243,9990
,2017,Fevereiro,2,SC,12445,10235
,2017,Abril,4,SC,12504,10328
,2017,Julho,7,SC,13634,11083
,2017,TOTAL,0,SC,95538,78751
,2016,Novembro,11,CAMPINAS,7524,5793
,2016,Janeiro,1,CAMPINAS,7717,5898
,2016,Maio,5,CAMPINAS,7767,5959
,2016,Dezembro,12,CAMPINAS,7872,6055
,2016,Fevereiro,2,CAMPINAS,8141,6214
,2016,Agosto,8,CAMPINAS,8244,6233
,2016,Setembro,9,CAMPINAS,8431,6482
,2016,Abril,4,CAMPINAS,8443,6431
,2016,Outubro,10,CAMPINAS,8564,6516
,2016,marco,3,CAMPINAS,8654,5741
,2016,Junho,6,CAMPINAS,9399,7042
,2016,Julho,7,CAMPINAS,9759,7324
,2016,TOTAL,0,CAMPINAS,100515,75688
,2017,Abril,4,CAMPINAS,7734,5843
,2017,Fevereiro,2,CAMPINAS,7815,6011
,2017,Maio,5,CAMPINAS,8153,6189
,2017,Janeiro,1,CAMPINAS,8329,6457
,2017,Agosto,8,CAMPINAS,9201,6818
,2017,marco,3,CAMPINAS,9270,7236
,2017,Julho,7,CAMPINAS,9477,7132
,2017,Junho,6,CAMPINAS,11759,8744
,2017,TOTAL,0,CAMPINAS,71738,54430
,2016,Fevereiro,2,RIBEIRAO,8739,6977
,2016,Dezembro,12,RIBEIRAO,8867,7327
,2016,Outubro,10,RIBEIRAO,8975,7289
,2016,Setembro,9,RIBEIRAO,8977,7286
,2016,Maio,5,RIBEIRAO,9045,7326
,2016,Agosto,8,RIBEIRAO,9191,7568
,2016,marco,3,RIBEIRAO,9268,7413
,2016,Janeiro,1,RIBEIRAO,9410,7487
,2016,Novembro,11,RIBEIRAO,9712,7905
,2016,Abril,4,RIBEIRAO,9813,7824
,2016,Julho,7,RIBEIRAO,9893,8015
,2016,Junho,6,RIBEIRAO,10799,8538
,2016,TOTAL,0,RIBEIRAO,112689,90955
,2017,Abril,4,RIBEIRAO,8962,7258
,2017,Fevereiro,2,RIBEIRAO,8966,7063
,2017,Janeiro,1,RIBEIRAO,9019,7342
,2017,marco,3,RIBEIRAO,9742,7869
,2017,Julho,7,RIBEIRAO,10003,8186
,2017,Agosto,8,RIBEIRAO,10154,8235
,2017,Maio,5,RIBEIRAO,10637,8651
,2017,Junho,6,RIBEIRAO,11301,9156
,2017,TOTAL,0,RIBEIRAO,78784,63760
,2016,Outubro,10,MARILIA,1208,970
,2016,Maio,5,MARILIA,1233,1010
,2016,Novembro,11,MARILIA,1251,1078
,2016,Setembro,9,MARILIA,1291,1081
,2016,Janeiro,1,MARILIA,1313,1036
,2016,marco,3,MARILIA,1326,1053
,2016,Dezembro,12,MARILIA,1357,1155
,2016,Agosto,8,MARILIA,1377,1168
,2016,Fevereiro,2,MARILIA,1408,1168
,2016,Julho,7,MARILIA,1498,1200
,2016,Abril,4,MARILIA,1592,1316
,2016,Junho,6,MARILIA,1935,1588
,2016,TOTAL,0,MARILIA,16789,13823
,2017,Abril,4,MARILIA,1304,1069
,2017,Fevereiro,2,MARILIA,1342,1123
,2017,Janeiro,1,MARILIA,1356,1162
,2017,Agosto,8,MARILIA,1389,1149
,2017,Junho,6,MARILIA,1578,1308
,2017,Julho,7,MARILIA,1580,1324
,2017,Maio,5,MARILIA,1617,1353
,2017,marco,3,MARILIA,1728,1442
,2017,TOTAL,0,MARILIA,11894,9930
,2016,Janeiro,1,CAPITAL,10975,8469
,2016,Maio,5,CAPITAL,12128,9644
,2016,Outubro,10,CAPITAL,12309,9634
,2016,Setembro,9,CAPITAL,12576,9974
,2016,Fevereiro,2,CAPITAL,12861,10010
,2016,marco,3,CAPITAL,13270,10431
,2016,Agosto,8,CAPITAL,13333,10493
,2016,Abril,4,CAPITAL,13494,10745
,2016,Dezembro,12,CAPITAL,13940,11088
,2016,Novembro,11,CAPITAL,14039,11016
,2016,Julho,7,CAPITAL,14195,11094
,2016,Junho,6,CAPITAL,14912,11465
,2016,TOTAL,0,CAPITAL,158032,124063
,2017,Abril,4,CAPITAL,11794,9262
,2017,Janeiro,1,CAPITAL,12057,9481
,2017,Fevereiro,2,CAPITAL,12759,9883
,2017,Julho,7,CAPITAL,12906,10004
,2017,Agosto,8,CAPITAL,13870,10776
,2017,marco,3,CAPITAL,14252,11118
,2017,Maio,5,CAPITAL,14473,11192
,2017,Junho,6,CAPITAL,15313,11754
,2017,TOTAL,0,CAPITAL,107424,83470
,2016,Janeiro,1,MA,7007,5936
,2016,Maio,5,MA,6914,5831
,2016,Outubro,10,MA,8755,7216
,2016,Setembro,9,MA,7852,6330
,2016,Fevereiro,2,MA,7592,6159
,2016,marco,3,MA,9890,8048
,2016,Agosto,8,MA,7938,6391
,2016,Abril,4,MA,9468,7665
,2016,Dezembro,12,MA,7943,6306
,2016,Novembro,11,MA,8848,7192
,2016,Julho,7,MA,9523,7736
,2016,Junho,6,MA,7030,5779
,2016,TOTAL,0,MA,98760,80589
,2017,Abril,4,MA,6996,5508
,2017,Janeiro,1,MA,7894,6423
,2017,Fevereiro,2,MA,9126,7431
,2017,Julho,7,MA,7545,6003
,2017,Agosto,8,MA,10189,8256
,2017,marco,3,MA,8886,7026
,2017,Maio,5,MA,8340,6523
,2017,Junho,6,MA,11567,9186
,2017,TOTAL,0,MA,70543,56356
,2016,Janeiro,1,MT,5896,4495
,2016,Maio,5,MT,4763,3495
,2016,Outubro,10,MT,4885,3622
,2016,Setembro,9,MT,4478,3279
,2016,Fevereiro,2,MT,5314,3939
,2016,marco,3,MT,4824,3592
,2016,Agosto,8,MT,4605,3510
,2016,Abril,4,MT,4092,3089
,2016,Dezembro,12,MT,4296,3206
,2016,Novembro,11,MT,4240,3146
,2016,Julho,7,MT,4698,3677
,2016,Junho,6,MT,4202,3272
,2016,TOTAL,0,MT,56293,42322
,2017,Abril,4,MT,5618,4273
,2017,Janeiro,1,MT,1293,915
,2017,Fevereiro,2,MT,7485,5960
,2017,Julho,7,MT,4857,3479
,2017,Agosto,8,MT,5099,3723
,2017,marco,3,MT,5391,3804
,2017,Maio,5,MT,4947,3690
,2017,Junho,6,MT,5192,4018
,2017,TOTAL,0,MT,39882,29862
,2016,Janeiro,1,BOTUCATU,1871,1484
,2016,Fevereiro,2,BOTUCATU,1364,1029
,2016,marco,3,BOTUCATU,1850,1462
,2016,Abril,4,BOTUCATU,1214,942
,2016,Maio,5,BOTUCATU,1727,1302
,2016,Junho,6,BOTUCATU,1584,1167
,2016,Julho,7,BOTUCATU,1348,1062
,2016,Agosto,8,BOTUCATU,1957,1495
,2016,Setembro,9,BOTUCATU,1702,1277
,2016,Outubro,10,BOTUCATU,1472,1104
,2016,Novembro,11,BOTUCATU,1531,1151
,2016,Dezembro,12,BOTUCATU,1661,1349
,2016,Total,0,BOTUCATU,19281,14824
,2017,Janeiro,1,BOTUCATU,1129,876
,2017,Fevereiro,2,BOTUCATU,1334,1082
,2017,marco,3,BOTUCATU,1881,1478
,2017,Abril,4,BOTUCATU,1252,961
,2017,Maio,5,BOTUCATU,1501,1189
,2017,Junho,6,BOTUCATU,1438,1147
,2017,Julho,7,BOTUCATU,1683,1364
,2017,Agosto,8,BOTUCATU,1473,1214
,2017,Total,0,BOTUCATU,11691,9311
,2016,Janeiro,1,MG,26346,21125
,2016,Fevereiro,2,MG,31112,24230
,2016,marco,3,MG,31642,24889
,2016,Abril,4,MG,28502,22567
,2016,Maio,5,MG,30657,24232
,2016,Junho,6,MG,30329,24187
,2016,Julho,7,MG,32360,25830
,2016,Agosto,8,MG,32968,26769
,2016,Setembro,9,MG,30013,24330
,2016,Outubro,10,MG,29048,23725
,2016,Novembro,11,MG,28095,22895
,2016,Dezembro,12,MG,32171,26743
,2016,Total,0,MG,363243,291522
,2017,Janeiro,1,MG,31332,25538
,2017,Fevereiro,2,MG,32772,26371
,2017,marco,3,MG,27730,21859
,2017,Abril,4,MG,31530,25316
,2017,Maio,5,MG,28868,23141
,2017,Junho,6,MG,31971,25958
,2017,Julho,7,MG,32614,26202
,2017,Agosto,8,MG,30245,24441
,2017,Total,0,MG,247062,198826
,2016,Janeiro,1,PE,12870,10075
,2016,Fevereiro,2,PE,12352,9730
,2016,marco,3,PE,13925,11091
,2016,Abril,4,PE,14092,10929
,2016,Maio,5,PE,12347,9848
,2016,Junho,6,PE,16280,12885
,2016,Julho,7,PE,14812,11706
,2016,Agosto,8,PE,15093,11753
,2016,Setembro,9,PE,14652,11495
,2016,Outubro,10,PE,14372,11265
,2016,Novembro,11,PE,13035,10498
,2016,Dezembro,12,PE,14016,11390
,2016,Total,0,PE,167846,132665
,2017,Janeiro,1,PE,12108,10007
,2017,Fevereiro,2,PE,16084,12988
,2017,marco,3,PE,12948,10357
,2017,Abril,4,PE,13726,11068
,2017,Maio,5,PE,11837,9710
,2017,Junho,6,PE,15457,12312
,2017,Julho,7,PE,13484,10972
,2017,Agosto,8,PE,14872,12101
,2017,Total,0,PE,110516,89515
,2016,Janeiro,1,SE,2859,2073
,2016,Fevereiro,2,SE,3159,2253
,2016,marco,3,SE,3208,2209
,2016,Abril,4,SE,3741,2648
,2016,Maio,5,SE,3113,2142
,2016,Junho,6,SE,2824,1965
,2016,Julho,7,SE,2757,1933
,2016,Agosto,8,SE,2873,2115
,2016,Setembro,9,SE,2470,1804
,2016,Outubro,10,SE,2949,1922
,2016,Novembro,11,SE,2911,2050
,2016,Dezembro,12,SE,2934,1939
,2016,Total,0,SE,35798,25053
,2017,Janeiro,1,SE,2844,1999
,2017,Fevereiro,2,SE,2872,1942
,2017,marco,3,SE,3153,2227
,2017,Abril,4,SE,2773,1915
,2017,Maio,5,SE,2861,2020
,2017,Junho,6,SE,2816,1946
,2017,Julho,7,SE,2792,2032
,2017,Agosto,8,SE,2721,2038
,2017,Total,0,SE,22832,16119
,2016,Janeiro,1,PI,5882,4912
,2016,Fevereiro,2,PI,5123,4360
,2016,marco,3,PI,5244,4173
,2016,Abril,4,PI,5982,4395
,2016,Maio,5,PI,5374,4395
,2016,Junho,6,PI,5679,4667
,2016,Julho,7,PI,5215,4354
,2016,Agosto,8,PI,5921,5027
,2016,Setembro,9,PI,5759,4594
,2016,Outubro,10,PI,4784,3878
,2016,Novembro,11,PI,5914,4873
,2016,Dezembro,12,PI,4154,3366
,2016,Total,0,PI,65031,52994
,2017,Janeiro,1,PI,5496,4317
,2017,Fevereiro,2,PI,4932,4106
,2017,marco,3,PI,5040,4146
,2017,Abril,4,PI,5456,4410
,2017,Maio,5,PI,6211,4926
,2017,Junho,6,PI,5460,4421
,2017,Julho,7,PI,5640,4688
,2017,Agosto,8,PI,6670,5345
,2017,Total,0,PI,44905,36359
,2016,Janeiro,1,CE,12336,9102
,2016,Fevereiro,2,CE,12087,8632
,2016,marco,3,CE,14446,10631
,2016,Abril,4,CE,13567,9989
,2016,Maio,5,CE,11989,8659
,2016,Junho,6,CE,13146,9705
,2016,Julho,7,CE,13015,9661
,2016,Agosto,8,CE,11480,8461
,2016,Setembro,9,CE,12909,9512
,2016,Outubro,10,CE,10959,8100
,2016,Novembro,11,CE,13210,9985
,2016,Dezembro,12,CE,10594,8022
,2016,Total,0,CE,149738,110459
,2017,Janeiro,1,CE,12725,9285
,2017,Fevereiro,2,CE,10597,7853
,2017,marco,3,CE,12154,9096
,2017,Abril,4,CE,10751,8048
,2017,Maio,5,CE,12250,9001
,2017,Junho,6,CE,12317,9009
,2017,Julho,7,CE,12834,9460
,2017,Agosto,8,CE,13099,9549
,2017,Total,0,CE,96727,71301
,2016,Janeiro,1,BSB,6986,5263
,2016,Fevereiro,2,BSB,5585,4252
,2016,marco,3,BSB,6004,4535
,2016,Abril,4,BSB,7089,5428
,2016,Maio,5,BSB,6173,4653
,2016,Junho,6,BSB,6742,5048
,2016,Julho,7,BSB,5948,4511
,2016,Agosto,8,BSB,6417,4747
,2016,Setembro,9,BSB,7034,5181
,2016,Outubro,10,BSB,5767,4510
,2016,Novembro,11,BSB,5803,4471
,2016,Dezembro,12,BSB,6838,5186
,2016,Total,0,BSB,76386,57785
,2017,Janeiro,1,BSB,6419,4518
,2017,Fevereiro,2,BSB,5953,4247
,2017,marco,3,BSB,6585,4764
,2017,Abril,4,BSB,6003,4386
,2017,Maio,5,BSB,6072,4602
,2017,Junho,6,BSB,7085,5229
,2017,Julho,7,BSB,5593,4139
,2017,Agosto,8,BSB,6025,4666
,2017,Total,0,BSB,49735,36551
,2016,Janeiro,1,PR,15913,13270
,2016,Fevereiro,2,PR,16541,13708
,2016,marco,3,PR,18735,15547
,2016,Abril,4,PR,17683,14257
,2016,Maio,5,PR,16440,13567
,2016,Junho,6,PR,20046,15381
,2016,Julho,7,PR,17108,14068
,2016,Agosto,8,PR,18471,14667
,2016,Setembro,9,PR,17326,13633
,2016,Outubro,10,PR,15808,12924
,2016,Novembro,11,PR,18799,14672
,2016,Dezembro,12,PR,17859,14083
,2016,Total,0,PR,210729,169777
,2017,Janeiro,1,PR,16034,12703
,2017,Fevereiro,2,PR,13909,11412
,2017,marco,3,PR,17935,14380
,2017,Abril,4,PR,13970,11237
,2017,Maio,5,PR,16274,13148
,2017,Junho,6,PR,18416,14768
,2017,Julho,7,PR,16662,13390
,2017,Agosto,8,PR,17610,14089
,2017,Total,0,PR,130810,105127
,2016,Janeiro,1,PB,7860,6217
,2016,Fevereiro,2,PB,8047,6238
,2016,marco,3,PB,9622,7257
,2016,Abril,4,PB,8399,6400
,2016,Maio,5,PB,8798,6333
,2016,Junho,6,PB,8348,6256
,2016,Julho,7,PB,8858,6598
,2016,Agosto,8,PB,8967,6607
,2016,Setembro,9,PB,8376,6313
,2016,Outubro,10,PB,8037,6073
,2016,Novembro,11,PB,8319,6344
,2016,Dezembro,12,PB,7338,5693
,2016,Total,0,PB,100969,76329
,2017,Janeiro,1,PB,8133,6604
,2017,Fevereiro,2,PB,7597,6169
,2017,marco,3,PB,9661,7639
,2017,Abril,4,PB,7665,6095
,2017,Maio,5,PB,9788,7525
,2017,Junho,6,PB,8536,6527
,2017,Julho,7,PB,9099,7133
,2017,Agosto,8,PB,9662,7575
,2017,Total,0,PB,70141,55267
,2016,Janeiro,1,SJRP,3319,2925
,2016,Fevereiro,2,SJRP,3038,2581
,2016,marco,3,SJRP,3201,2761
,2016,Abril,4,SJRP,3944,3300
,2016,Maio,5,SJRP,3543,2969
,2016,Junho,6,SJRP,3937,3305
,2016,Julho,7,SJRP,3473,3012
,2016,Agosto,8,SJRP,3014,2622
,2016,Setembro,9,SJRP,3935,3153
,2016,Outubro,10,SJRP,3963,3290
,2016,Novembro,11,SJRP,3544,2971
,2016,Dezembro,12,SJRP,3384,2893
,2016,Total,0,SJRP,42295,35782
,2017,Janeiro,1,SJRP,3262,2728
,2017,Fevereiro,2,SJRP,3281,2680
,2017,marco,3,SJRP,3615,2954
,2017,Abril,4,SJRP,4241,3473
,2017,Maio,5,SJRP,3324,2793
,2017,Junho,6,SJRP,4271,3355
,2017,Julho,7,SJRP,3757,3079
,2017,Agosto,8,SJRP,3249,2722
,2017,Total,0,SJRP,29000,23784
,2016,Janeiro,1,TO,,1417
,2016,Fevereiro,2,TO,,2157
,2016,marco,3,TO,,1825
,2016,Abril,4,TO,,1782
,2016,Maio,5,TO,,2003
,2016,Junho,6,TO,,2119
,2016,Julho,7,TO,,1609
,2016,Agosto,8,TO,,1913
,2016,Setembro,9,TO,,1401
,2016,Outubro,10,TO,,1982
,2016,Novembro,11,TO,,1846
,2016,Dezembro,12,TO,,2130
,2016,Total,0,TO,,22184
,2017,Janeiro,1,TO,,1684
,2017,Fevereiro,2,TO,,2473
,2017,marco,3,TO,,1918
,2017,Abril,4,TO,,1986
,2017,Maio,5,TO,,1895
,2017,Junho,6,TO,,1998
,2017,Julho,7,TO,,2034
,2017,Agosto,8,TO,,1935
,2017,Total,0,TO,,15923
